<?xml version="1.0" encoding="UTF-8"?>
<!DOCTYPE suite SYSTEM "http://testng.org/testng-1.0.dtd">
<suite name="Regression Suite">
  <test name="LoginTest">
    <classes>
      <class name="com.bhanu.testScripts.login.LoginTest"/>
    </classes>
  </test> <!-- Test -->
  
   <test name="CreatesLeads">
    <classes>
      <class name="com.bhanu.testScripts.leads.CreatesLeads"/>
    </classes>
  </test> <!-- Test -->
  
   <test name="JenkinTest">
    <classes>
      <class name="com.bhanu.testScripts.login.JenkinTest"/>
    </classes>
  </test> <!-- Test -->
  
  
</suite> <!-- Suite -->